NAME;LEFT_PRIMER;RIGHT_PRIMER
LepF1-LepR1;ATTCAACCAATCATAAAGATATTGG;TAAACTTCTGGATGTCCAAAAAATCA
HCO2198_t1-LCO1490_t1;CAGGAAACAGCTATGACTAAACTTCAGGGTGACCAAAAAATCA;TGTAAAACGACGGCCAGTGGTCAACAAATCATAAAGATATTGG
HCO2198_t1 -sem m13-LCO1490_t1 sem m13;TAAACTTCAGGGTGACCAAAAAATCA;GGTCAACAAATCATAAAGATATTGG
MLepF1-LepR1;GCTTTCCCACGAATAAATAATA;TAAACTTCTGGATGTCCAAAAAATCA
MLepR1-LepF1;CCTGTTCCAGCTCCATTTTC;ATTCAACCAATCATAAAGATATTGG
HCO2198-LCO1490;TAAACTTCAGGGTGACCAAAAAATCA;GGTCAACAAATCATAAAGATATTGG
EnhLepR1-LepF1;CTCCWCCAGCAGGATCAAAA;ATTCAACCAATCATAAAGATATTGG
BirdF1-COIbirdR2;TTCTCCAACCACAAAGACATTGGCAC;ACGTGGGAGATAATTCCAAATCCTGG
rbcLa-F-rbcLa-R;ATGTCACCACAAACAGAGACTAAAGC;GTAAAATCAAGTCCACCRCG
Fish-BCH-Fish-BCL;ACTTCYGGGTGRCCRAARAATCA;TCAACYAATCAYAAAGATATYGGCAC
dgHCO-2198-dgLCO-1490;TAAACTTCAGGGTGACCAAARAAYCA;GGTCAACAAATCATAAAGAYATYGG
MatK-1RKIM-f-MatK-3FKIM-r;ACCCAGTCCATCTGGAAATCTTGGTTC;CGTACAGTACTTTTGTGTTTACGAG
BirdR1-BirdF1;ACGTGGGAGATAATTCCAAATCCTG;TTCTCCAACCACAAAGACATTGGCAC
RonMWASPdeg_t1-LepR1;TGTAAAACGACGGCCAGTGGWTCWCCWGATATAKCWTTTCC;TAAACTTCTGGATGTCCAAAAAATCA
RonMWASPdeg_t1nsem m13-LepR1;GGWTCWCCWGATATAKCWTTTCC;TAAACTTCTGGATGTCCAAAAAATCA
LepF2_t1-LepR1;TGTAAAACGACGGCCAGTAATCATAARGATATYGG;TAAACTTCTGGATGTCCAAAAAATCA
 sem m13-LepR1;AATCATAARGATATYGG;TAAACTTCTGGATGTCCAAAAAATCA
VF2-VR1;TCAACCAACCACAAAGACATTGGCAC;TAGACTTCTGGGTGGCCAAAGAATCA
COI908aH2-LTyr;GTRGCNGAYGTRAARTATGCTCG;TGTAAAAAGGWCTACAGCCTAACGC
CrustDF1-CrustDR1;GGTCWACAAAYCATAAAGAYATTGG;TAAACYTCAGGRTGACCRAARAAYCA
FF2d-FR1d;TTCTCCACCAACCACAARGAYATYGG;CACCTCAGGGTGTCCGAARAAYCARAA
polyHCO-polyLCO;TAMACTTCWGGGTGACCAAARAATCA;GAYTATWTTCAACAAATCATAAAGATATTGG
GazR1-GHalF;ACTTCTGGATGTCCAAAAAAYCA;TCAACAAATCATAAAGATATYGG
plat-diploCOX1F-plat-diploCOX1R;CGTTTRATTTATACGGATCC;AGCATAGTAATMGCAGCAGC
